"y","x.YNDJ_at","x.YACD_at","x.YXDJ_at","x.YWAE_at","x.XYLB_at","x.UREA_at","x.SPOVID_at","x.PHRK_at","x.ADHA_at","x.RIBA_at","x.BOFA_at","x.YKPC_at","x.YCNK_at","x.PABB_at","x.SPOIIGA_at","x.CSBA_at","x.HUTP_at","x.YCLK_at","x.YUSJ_at","x.YKRP_at","x.XKDO_at","x.CHER_at","x.NADB_at","x.YURK_at","x.YTAB_at","x.YERO_at","x.NADB_at.1","x.YRHA_at","x.ALST_at","x.PYRF_at","x.CYSE_at","x.FFH_at","x.YHDS_r_at","x.YVFK_at","x.DPPD_at","x.YEFA_at","x.PRFA_at","x.CSAA_at","x.YEZC_at","x.YVFO_at","x.GLNM_at"
-6.64385618977472,6.182632271133,7.22920349599939,6.82395220567597,7.91667484427793,8.0742141554546,8.32855601648127,6.46191393200152,7.82482216687706,9.40403623305579,13.4075349169707,7.13082940598972,6.89861971281654,8.11577052415823,8.44885019655709,6.12742352656214,5.71068534393691,9.38427856805733,7.73596074028933,8.19363300171825,6.58006532292988,8.40003233521837,7.86931968872643,6.77490332839752,8.00959864879549,5.94450045106831,6.08163864910061,6.77490332839752,8.32360590236191,7.49352553475498,6.76497969955684,8.89550625675598,9.53670639509372,6.94317181136589,8.93491867273955,8.22439210502731,8.25328705784826,9.26507289900626,9.85942892660829,7.72926207004991,9.031123192505,6.32790276115618
-6.94786237666482,6.27163697760915,6.9691628907034,6.90465597943827,8.14397517256216,8.2104178778477,7.98508712706329,6.3502090948677,6.72896208347665,9.27017241656208,13.1910851940978,7.0432422048648,7.55277157316208,8.26731500748953,7.9488673071336,5.92375488966804,5.76446458646798,9.37635483042566,7.81611226676063,7.66372294658216,6.828235018378,7.5150672586823,7.53776865550676,7.41180302546106,7.78111347658873,5.73770886119322,6.02559618201453,7.41180302546106,8.28968485435971,7.08014813689682,6.84304173400202,8.29524406034016,9.83172046165812,6.17319795163356,8.89928958261501,7.77604885056988,8.68182006696597,8.71336304889584,9.68026301330853,8.19013664593155,9.11804846706002,5.86453054946857
-7.93016037493137,6.23389906584272,7.06961446880604,6.904173118088,7.85195877078163,9.06085897832817,8.23741043934436,6.64935840553656,7.18734950068191,9.37531229483217,13.3194424466829,6.89217147194876,8.56913460698872,8.13355006263783,8.08308874219114,6.45411387740431,5.97461455484878,9.21744005947124,7.85761851874387,7.46575843111175,8.19336970113088,7.66628579308421,7.33285741395872,9.79371133703748,7.66773988398409,5.74658772650392,5.65354743309711,9.79371133703748,7.98380206449588,7.1702655512073,6.86304227686168,8.64395815032494,3.9233511117403,5.88482429571752,8.62423407238231,4.66980806062148,8.27937448932237,9.23740913011783,9.17595942871728,7.95172825518285,8.85800021734405,6.08235109559513
-8.28771237954945,6.59151665736584,6.81627421040761,6.72501176129309,7.68521084353914,8.71903000447212,8.157611204733,6.4219523530044,7.08956507542333,9.33265691982452,13.2902411610806,7.15305227846522,8.36563671159385,8.12520121529262,7.80742616220046,6.0219558234033,6.25013187089043,9.39985386711022,8.00073676984512,7.43208647860395,7.87344690231204,7.37763695204869,7.33889328128491,9.86082173877223,7.60224918876256,6.05485942536749,5.77324939320707,9.86082173877223,8.11196644793657,7.19003870356216,6.74452275939419,8.88014136152958,9.49481364046737,5.50397790132921,8.58556492427465,8.0484524297857,8.14388151076722,9.30893570188189,9.12107981474886,7.5951810411653,8.85147858684343,6.61169972274271
-7.31043245604953,7.24234866377989,6.5567461093089,6.67618520769763,8.11541373183009,6.93952109929441,7.72940105220708,5.92764300000824,8.30426500027076,9.01971895587562,13.1549828441062,7.03978466495745,7.8313320494253,8.08589634971707,8.08922249582865,5.87829884110385,5.99174256386037,9.2639073896653,7.97871497750317,7.48083362975698,6.66854120370158,7.07408596228648,7.33632270842061,7.47041795646458,7.91267046488783,6.06887727086344,6.18951483778571,7.47041795646458,7.73501751429205,6.91284077849363,7.0514367482987,8.53159549864892,9.13677408907259,5.84963815490963,8.94620067359585,8.19149530808876,8.5629623903567,8.9887382959641,9.45317113794774,7.83860525989024,8.93638315185921,6.34045700294071
-7.64385618977472,6.7829812969619,6.2596601306075,6.89061025286582,8.06383472151975,7.40967501877009,7.73777511337448,5.85142097283644,7.27409337366196,9.1765633888857,13.2506659953439,6.96649217917641,8.01525867483065,8.15788532281126,7.80042337740094,5.60222712251105,5.72849382490751,9.23540884374429,7.94513905609502,7.36074396399965,6.72569058960072,7.15759943993854,7.08860624338149,8.57108623382338,8.11694462903336,5.83830066826006,6.08921312279363,8.57108623382338,7.89808524429032,6.97350285240515,6.92313563517253,8.41623495004651,9.96936576138659,5.8488056459181,9.10775332717642,8.43145642754317,8.38449692597894,9.05011394572551,8.8682184264238,8.00794793681388,9.25669817039861,6.32373694179555
-6.13796526004477,7.94008711863068,7.18509848130858,6.59444949042977,7.86608887573034,7.52465142829729,7.54447948847521,6.51470076408031,8.49885810306581,8.99900216066273,13.2921306230618,7.48178425389382,8.70611888973909,8.22780534446331,8.41415394192871,6.27862106353598,6.86296767453239,9.23968362352165,8.3148879926671,8.04467385850532,6.98378216865493,7.67365665591647,8.03002777379118,7.84900565342365,7.94655541269209,5.89407895664976,6.36131931890912,7.84900565342365,7.79416684828503,7.05908900092831,7.31188061531629,8.8453962926492,8.93681564964385,6.01002446740089,8.71758604694905,7.99885298159347,8.47194745677016,9.06488033464614,9.11809781060569,7.74242857440754,9.0057263298078,6.51713358291457
-6.55979192498625,6.06897307497405,6.77320018072529,6.84788813353747,7.58088304008336,7.11485455474225,7.9652424013553,5.44491431903871,8.2991119507152,9.18801936962436,13.327661732957,7.26960589939937,8.26332236337134,7.93048385076859,8.21944121150119,5.71146868875072,5.98574472988013,8.98553218668896,8.0192946142197,8.05290514561277,7.45388727175825,8.49603262767222,7.4478793532253,10.7426253401483,7.54773601349621,5.66684296961335,6.15998403986797,10.7426253401483,8.24854735706294,6.9451700014647,6.82821657377357,8.86689930798719,9.48538257256624,5.55568988943891,8.86901732880886,7.88008715527485,8.30902656757953,9.26315653629858,9.66311491961613,7.72876942551256,8.82083833492345,5.57557892934109
-8.33351606916257,7.36596315436804,6.86542642077457,6.45758200067471,7.67823459408287,7.68060453867542,7.75303087147059,6.18295968666558,7.9324861104827,8.74909742442759,13.3597398623695,7.16300112247432,8.52750291846501,8.3830015598243,7.94691646405293,5.72756364153037,6.34838844824354,9.28112512447265,8.08351636055626,7.38289038072489,7.71191899047245,7.64492034734698,7.49928646455877,8.21678626583462,7.89240702155473,6.1449595015704,6.48795552729081,8.21678626583462,7.9456524565799,6.81153361016463,6.87524350088565,8.74754149115175,9.18815462160918,5.63677785034993,8.48986359883919,8.09855256020353,8.1641214842955,9.08445939446877,9.16895141866349,7.661774395094,8.73501871974642,6.31422296651099
-6.31043245604953,7.04047341843652,6.41499800801438,7.02929787439964,7.70990842891131,6.69500996591006,7.96816805172997,5.7487118799844,8.02809657601653,9.02545611253148,13.4015964676484,6.58200842584644,7.80467372791597,7.78864506344294,7.11522096172484,5.53325427703923,5.81384601733034,9.08738760391458,7.74356691814582,7.79095208334521,7.09515162672011,8.12677621669518,7.05443785451068,7.74256512733368,8.06720101012037,6.08715924143286,6.09917126704691,7.74256512733368,8.01054109833884,6.98965434771609,7.08796365365202,8.28861023809859,9.13679727506751,6.07222015001701,8.61578926990954,8.49606129421582,8.61690893926616,8.80250276710546,9.33539204021566,8.38033983225053,9.11040611068964,6.19622035311789
-6.61528703757795,7.43189463937964,6.19267522259852,6.57090743172307,7.43066275598999,6.85289520423446,7.77482792346209,5.71115050793986,7.75866271629801,8.63766809757595,13.3540101508767,6.64854923115367,7.98368023378786,7.96253684462212,7.52971509502907,5.46309669390055,5.89726117067989,9.15069814914358,7.97557233293711,7.37476647456417,7.02152392238593,8.05381436793781,7.18748364444027,8.61301965470502,8.05459826977258,6.04326245745294,6.25339733792871,8.61301965470502,7.67205459355614,6.96526506837835,7.18416314601184,8.37338756061146,9.11885476833363,6.56006503444865,8.69259516824246,8.4605024387463,8.53945219231298,8.71429236312401,9.19795915273377,8.23510443282965,8.84863634732294,5.98294651639365
-7.11778737810714,7.45567223802865,6.22645334898245,6.88314943142218,7.4789001912765,7.26933258210934,7.75860756257341,5.91736141992719,7.48397202192295,8.61728081102552,13.3972603954016,6.86499169316021,8.31003520695493,7.91380548141454,7.70825562273865,5.72005675694749,6.25391989625129,9.15192692762589,7.89721886209509,7.52955218647696,7.39621980670663,7.82893822074854,7.3902617131198,8.0449022581041,8.27992420180375,5.97134306618469,6.23768319737697,8.0449022581041,7.95480200223505,7.13286145644033,6.86855219615481,8.53678975627522,8.97780769169081,6.42919089880603,8.55181566071326,8.08308112054458,8.27582310461246,8.63561310190758,9.21227130690285,8.1505244275122,8.95249841690349,6.39031682691694
-6.33351606916257,7.2678221570176,6.47535053231344,6.54658002644449,7.83889190504201,7.33715553099445,7.46210286946345,5.93463944091148,7.85828689442041,8.73844304169316,13.2957446090414,6.96670515978852,8.32535725258312,8.05705044686829,7.81962001208568,5.75911312028113,6.06704499635567,8.97272456486656,7.99859785822558,8.05713395481291,7.02430281514742,8.4953151810453,7.33708722612107,7.48656938999299,7.85797364133548,6.02970666926763,6.36595478674289,7.48656938999299,7.84203773096984,6.71650595119229,6.88705657733592,8.75124378119439,9.09019110118579,6.21989553855389,8.87909550132611,8.0895036670871,8.55320097629228,8.91949446236812,9.69616157151949,7.79625355584492,8.6863405583661,6.28956081177829
-6.70274987882829,6.61665514775646,6.36015234037316,6.8178543879775,7.71782716886391,7.0952222651814,7.68848442459024,5.59127463456649,7.47971333870991,8.96417806404353,13.2037004627013,7.0690023457525,8.35402582130639,8.25015700964632,8.08424443969623,6.04248052455139,5.60767549321564,8.97972791879499,8.08626716700457,7.784527989986,7.09333275759258,8.05310751970903,7.35510412555347,8.61634790880041,7.63029997844703,5.82519685315872,6.10086570416827,8.61634790880041,7.94930443072005,6.70376692801966,6.87063508787172,8.7335873914645,9.37202346332127,6.05330546748836,9.04683866434839,8.12559681416902,8.5584820278322,8.84568558357085,9.49321889024728,8.10992145096704,9.02476130419498,6.15403382144805
-7.31043245604953,7.36000195607894,6.62176184096065,6.97625015883035,7.79619479186872,7.13227253300224,7.57942045767116,5.9353082579472,6.88080125693178,8.76474282432301,13.1008449109976,6.89607095692713,8.96395295650618,8.29591999123985,7.84931979068972,6.22831949590777,6.17020737084408,9.08894127559436,8.32833142568325,8.02672944257063,7.54321086600179,7.19235949699199,7.50974507727601,8.45402204557266,8.00236859835861,6.42750275444802,6.36118099303799,8.45402204557266,8.12231540330709,6.81109142145116,7.13946152054869,8.74030507925527,9.25651199443639,6.38936337606771,8.91572339722956,8.46409756671039,8.67710819040181,8.85379949372264,9.33245545544861,7.90731340749332,8.73382352252059,6.5928454605579
-5.93016037493137,6.1192750394349,6.69377221445742,6.50072485801244,8.10413048099797,7.54572715011645,8.01822841125834,5.6977223847905,8.98363742114093,9.46650107522246,13.3231805781639,7.29877215445412,8.33368369126257,8.22873770311365,8.19781229560678,5.24969183395692,5.81115495112454,9.01980664790839,7.90464719469553,8.20655013424339,7.17850980526428,8.45507258623414,7.49635516649725,7.18583411122864,7.95562889693683,5.8518803217176,6.33599629653957,7.18583411122864,8.04556751147168,6.73184941177946,6.67646529810063,9.49271218297342,9.50478890878611,5.52486530112677,9.01990906427448,7.6811292695133,8.36112973994949,9.14441291552478,9.31538328412224,7.88750210124548,8.96638060693923,5.34766734870922
-6.28771237954945,5.99794065209297,6.79195795467881,6.58196340662459,8.04346363666205,7.35689405020929,7.85551021782508,5.50553261287396,8.46261504370272,9.83249085693326,13.3960512863478,7.35877699723044,8.53711203132264,8.39263235130322,8.1644443535077,5.57908533214865,5.77528583511915,9.32483175706372,8.06640332908019,7.41121509164669,7.28376753614389,8.22996594413729,7.2524357232827,6.98535935360271,8.31762297476507,5.64651699823913,6.01921424973825,6.98535935360271,8.0457767184462,6.82213913461291,6.67692042384978,8.97034449664176,9.71700047848056,5.34000994262417,8.64076859178864,7.8577812816489,8.19481954585443,9.28092828102832,9.1193104378909,7.86903810035196,8.68814706345427,5.72908541530371
-8.15842936260448,7.18142215114101,6.92511847040157,6.8553917896743,7.73135280400046,7.10806837153191,8.31004378777134,5.61757463359926,8.74715828872327,8.77027487557752,13.1146632647256,6.77165684888963,8.78025832333134,7.90197836609089,7.86702735762303,5.60415053105081,5.597010511234,9.2786381008257,8.08611407585784,7.81183512325389,6.65924876894799,7.02729741069231,7.32107451273487,8.08432506544181,7.86752003257229,6.02500347520588,6.19892793147397,8.08432506544181,8.02712076348953,6.88672359792999,7.43019949108021,8.65982084083934,9.40508803305719,6.04682844089881,8.70446217121463,8.28242444356894,8.60113490946342,9.04737205715137,9.27889045914178,7.85098471539819,8.66349513641548,6.07187775791231
-5.67300253543424,6.95405577270021,6.2296819699107,6.6822903489042,7.46074771843241,6.6517229206569,7.57437393463432,5.58469996688911,7.96639602179081,9.11226862819156,13.2343320202456,6.6382175895167,7.94975730881868,7.72706268416976,8.00592165262106,5.75751987801787,5.76029975536467,9.03034047330301,7.91003993294609,7.37557941266889,7.09894030731033,9.17925472867167,7.14536390000618,7.745809543035,7.90464871261964,5.87686696557844,5.6764977650448,7.745809543035,7.74270265154868,7.13454984945697,7.10573626943077,8.96023681570705,9.13513071975877,6.49161671035636,8.30203295459552,8.50808020268321,8.34602527000747,8.76631448108614,9.32998113068271,8.14630664540794,8.7718167487251,6.33391086880072
-6.13796526004477,6.632045598255,6.61098170782187,6.6337007553652,7.78116832178236,6.85947704598836,7.668408533532,5.79843806812147,8.11599004100772,9.53330854788979,13.2276176030764,7.16466183858337,7.96403091666112,8.18517539640981,8.16874563298468,5.43806879245079,5.96141812959039,9.10331765182273,7.92302791945358,7.30931655801971,6.90787262582281,7.0661874177787,7.31536380903921,7.36634530186952,7.9776448694894,5.58908291994969,6.06564849619168,7.36634530186952,7.89379834571537,6.71586655536481,6.5720140019258,8.73567392263501,9.51970874420169,7.24378844242411,8.35453983908631,8.07795478661126,8.20573498891701,9.02098996836452,8.99223851660009,7.9339116650746,8.58338701123674,5.9978991588109
-7.33351606916257,7.3816589900179,6.74791625537591,6.70846183640102,7.46673388563552,7.09052531463399,8.31359745932116,5.6335623243878,8.42799567168647,8.66216480024034,13.6160219595003,7.26650712011036,8.47661564860735,7.90109275491236,8.20530891778017,5.94351325950213,5.9418812663075,9.09656124128144,8.03492412169545,7.55958174476668,7.09304925301879,7.01925853388139,6.82321331944079,7.98975959698547,7.73758924857145,5.77734438110531,6.15567840889641,7.98975959698547,7.35591305393869,7.2398947023425,6.9197135377565,8.57412505560365,9.34575665559617,6.29931008227241,8.3945823118006,8.42125906199079,8.1603080089501,8.84838099597029,8.6047668450938,8.0334532838018,8.6189674720593,6.23982842357149
-6.01158797427521,7.48336843554947,6.68241961344807,6.69674812506698,7.62592218468586,7.21560028413769,7.52761409357816,6.08559781748636,8.32916053144571,8.98619253780889,13.4650807146667,7.4258425879058,8.11135809382182,7.92013089393581,8.18999526087039,6.08169035180664,6.62885696681355,9.2343502815782,8.02712604634496,7.45886863721463,6.71488682868963,7.26088541807267,7.6223638350171,7.31100276324212,7.62965367725582,5.73800715052754,6.11004573165196,7.31100276324212,7.62566593884423,7.14498054804249,6.866667397414,9.0203514226163,9.1178232533502,6.15741616223279,8.5630570262814,8.02144384943161,8.41746790576585,8.90292289859789,9.22310242163385,7.84777048582045,8.88131825833315,6.37169051135489
-7.265344566521,7.4803332037348,6.57327641693654,7.21068739379252,7.81644086735017,6.23146248987848,8.10708675250201,5.87447957322533,8.30996049444519,9.20235710463356,13.2305112461183,6.38787748879414,8.60043667387395,7.33392317049687,8.25333918757017,6.09200647399418,6.56013693605129,9.3975745765535,8.57995564634241,7.75985039622523,6.91214804258518,6.53637535925124,7.52978612515633,7.20389907124078,8.13217348550366,6.41761786377014,6.02813655925502,7.20389907124078,8.10638733025567,7.33849561518811,7.1342214717566,8.44089515795403,8.96806998343807,6.02203507176929,8.61998344624945,8.3748613692554,8.67585802366083,8.94583858436535,8.65635358954513,8.29212849943913,9.14777097019582,6.44393229407923
-6.29902769277728,7.6669592885336,6.90155315904978,6.7169671169193,7.87750090019099,7.04344159178649,7.50620152935487,6.13026786753609,8.19383875935232,8.72663518301494,13.2698031316796,6.86669490979072,8.09857865726043,8.24907934205977,8.28366424012166,6.18959663057956,6.39075542239524,9.07150723685189,8.40504749701271,7.66723278235011,6.98505286363042,6.82262896252795,7.1027608040734,7.28599724839257,8.18446131474254,6.29950579199345,6.29008116658689,7.28599724839257,7.81929967048294,6.8211736687374,7.14756506379142,8.28001586059395,9.0783319193485,6.66209391333291,8.80108485706428,8.18761423370621,8.45753167319346,8.73814607291927,8.8365015179659,7.90192478702756,8.9469060726712,6.33804135174595
-6.42973138442188,7.41637011510913,7.15571544224784,7.05344253257962,7.87951594290243,7.63219200321704,7.74346816314364,6.25471894482258,7.81790973356941,9.03264036117259,13.142293688563,7.05188393262717,8.46646363737779,8.14049691611509,8.22990880463665,6.2767493405113,5.8660323843005,9.23300662259827,8.03756305916069,7.86982523589663,6.60013132931942,7.30198242988672,7.0589135746757,7.41237864171627,7.69427382376563,5.90096102544384,6.15941370874616,7.41237864171627,8.15383331470563,6.04684818027045,7.30372614597705,8.95642277242625,8.92662281075278,6.01340670338631,9.00338516383131,8.17352897636957,8.54485438596843,9.35738040389661,8.63848319173611,8.0936239847726,8.98406454544342,6.4395136532374
-6.70274987882829,7.42247291988276,7.08263709866718,7.43598841094702,8.09753795502495,6.39859383587253,7.86470811063171,6.18490809436611,7.88655830728172,9.43565670191737,13.4181604300264,7.00493485091663,8.49470591253495,7.8684557613881,7.95903765044487,5.80204337314076,6.26302969815153,9.60679345768443,8.01809730720365,8.11381564851861,6.86999717676766,6.38135413353982,7.58770860713893,7.37697479296861,7.82632734799031,6.05225572774384,6.11125761395051,7.37697479296861,8.39866687223007,6.54227720541191,7.13022029031682,8.53390314029228,8.9217129840037,5.49941388320434,8.75263530327488,8.42848251994573,8.87932014052992,9.36038761393391,8.8558914685438,8.53116888421093,9.05844159192068,5.95573944115488
-6.45482236538471,6.33054575704426,7.07835859448811,7.17069749257764,7.61333237760902,7.80793939064429,7.98538037821362,6.40101794197764,7.94985698326694,9.20880136479073,13.4158697445935,7.22796948647254,8.63811829358565,8.01017223951716,7.91491192525212,5.86361386069067,6.22377669541104,9.18424263767117,7.83687037251638,7.56191826172701,7.26132865142994,7.5359615232757,7.43487398433491,7.10013110861492,7.69826859663316,5.82284839540794,6.16480053000729,7.10013110861492,8.11758259913744,7.00756682447642,8.30433954933975,8.89130454768245,9.18448479878406,5.10852370994087,8.95774375042194,8.264567046207,8.56999909588626,9.45893711584504,9.3345361311171,8.0967118102767,9.00124965749621,5.94120978730809
-6.81197894858305,6.97385154003385,6.74322663830159,7.02259688391302,7.94163878760354,7.25945591716973,7.70470287722882,6.32931618862058,7.42194754233795,9.20643240526934,13.1409015541967,6.72594634337056,8.81439870087464,8.12932996088561,7.8123615170609,5.69372776725888,6.09103417807744,9.46717597468821,8.25718843211729,8.01637748355883,6.66473484360601,7.20981160644686,7.29370945319615,7.8553381792478,7.92052847566418,6.11344506202922,6.20454022357166,7.8553381792478,8.22300745874324,6.69155067735471,7.03948943375666,8.56839393076793,9.2600771473476,6.08916222860235,8.76956275434862,8.03182496705374,8.90500427547195,9.23469368658623,8.85697221433685,8.10690282097543,8.93986480353601,5.88848983636645
-9.58727266140836,6.53684227483391,7.13012588109418,6.78682892316096,7.45991686053604,7.83614426129269,8.62253195672555,6.01289441316888,8.32993889497327,9.10427680302483,13.1398663401992,7.35029634928364,8.18827549348117,8.18130630265825,7.94004166299548,5.51401539840913,5.88248414999823,9.12514966163048,7.93331583730765,7.64556286982611,6.28547578531733,6.80454111221151,7.4945630737863,9.44263725580617,7.35437859516478,5.78530688220029,5.99203214396384,9.44263725580617,8.10026261813631,6.90523097046843,7.1290017883897,9.1004959540337,9.63482891287774,5.97561607418343,8.50362845282433,8.17836390548813,8.10091291784356,8.96693802005562,8.89510353970999,7.86191494159618,8.59827622459257,5.72298474989898
-6.84476888370072,6.16233167460717,6.67441266571137,6.77145023668869,7.51890947416423,7.25365835373801,7.43532113758702,6.23602004027055,7.30916303139879,9.75656801189648,13.0159926813859,7.51555958369701,8.78210230359909,8.27327724475994,7.93761029050242,5.78063142239618,6.09579766884667,9.05752729245256,7.8256087895719,7.32858223446084,7.01803829805505,7.31273114415741,7.37219191723524,7.53616789734589,7.77673657116142,5.83761430755038,6.37016568834968,7.53616789734589,8.14566501526344,6.68118701850472,6.98519046145064,8.93325490291845,9.55054717980211,5.34509349780712,8.40314127731047,8.0914433243411,8.42291470488314,9.19282376962178,9.18515624128669,8.10223409278066,8.54602408837595,5.95642455149842
-9.96578428466209,6.92922707377816,7.17844336644238,6.61437281044085,7.43966380711636,7.43351943968735,8.18776886148759,6.27414993870414,8.20405608697871,9.03622682326499,13.1993711202965,7.14764963974758,8.26532812468332,8.17244649173244,8.13915414172324,5.55517103749944,6.41025556145527,9.3577834235117,7.91675890702114,7.44473398446274,6.57012877388313,6.78082317040968,7.13660864895441,7.61871592706787,7.68396461331973,5.5516905575214,6.05357591876133,7.61871592706787,7.83115549622972,6.8054188808302,6.80988322039276,8.84513727371655,9.07172284942671,5.672614868066,8.39215678078803,8.10388306824904,8.24206885450904,9.13230569001712,8.96021220624705,7.90048954015586,8.80702918097175,6.10283861738147
-6.74855356844142,5.99079316005512,7.00464589413456,6.65421421739862,7.41708236529836,7.4238524843605,7.61735690986569,6.28279417379726,7.34795462620831,9.60269477020638,13.1891705194518,7.28358703597905,9.03201564784896,7.97374447261544,8.23359648184923,5.44350491714443,6.03491081289126,9.00282151591552,7.99342978416309,7.14746298975937,7.14319580193524,7.4709815390622,7.35150510685463,7.39630754420451,7.43888234345633,5.90984217132261,6.05100828443207,7.39630754420451,8.20827106116333,7.20470184608685,6.63859799779044,8.96008541346147,9.53367684454051,5.44026382191287,8.23768792330173,8.03999141263897,8.42263706275357,9.26092055696658,9.15668307872947,8.12193027649723,8.60282284976861,6.04752007452607
-8.38082178394093,6.47708006258054,6.93571139753164,6.78811172203754,7.1649224531639,7.57009655581398,8.6785696157523,6.23812207047006,8.8510964121761,9.01804154099842,13.2804661153689,7.247568559894,8.28274710349786,7.95999327085656,7.78364395709366,5.75294005016192,6.12980604163505,9.24414502414143,7.86579737108847,7.5421173022511,5.88154855820303,6.46841861833746,7.60653617796742,9.43538090933236,7.3260102712759,5.67344069309709,6.00525702971996,9.43538090933236,8.0230074262661,7.10009128478008,7.31564807483121,9.19248342937402,9.47637374563683,6.08273323014626,8.1216790026879,8.41900346775142,8.01935180922996,9.13613076092575,9.25948978507009,7.80440310283331,8.53854805263383,5.88444736241709
-5.88683294326727,6.66523179340312,6.85676602390792,6.55604386334509,7.66879535929121,6.97383816593762,7.35239126270453,6.04634537055454,7.49051022331762,9.6179903711249,13.3350785156549,7.35728879193478,8.15248297349951,7.67476720634094,7.95450667360823,5.87126265494506,6.13991163561727,8.84323049352758,7.98270718258042,7.43240744595193,6.94632109140732,7.54018775300058,6.98303789648334,7.15580801184336,7.82135109645543,6.0595038127431,6.11781555049223,7.15580801184336,7.88101103487851,6.81798629575857,6.93745718580137,9.04333143428116,9.37340716412742,6.76081109122907,8.59026991637888,8.08004215404469,8.3144286335439,9.23333182160552,9.32736707961434,7.84033017100487,9.00998095786084,5.93239643892647
-6.265344566521,7.44139659791333,6.90765965972836,6.48199063834334,7.35512158642618,7.62014528159807,7.40497413092605,6.4082355710505,7.59282378081185,9.53177748223876,13.1858110847642,7.41644292223342,8.43388771056837,8.12856200222173,8.18435574525385,5.79206348899587,6.48870674076548,9.03212236034938,8.07940635352986,7.35586552229063,6.90999723497741,7.58847262391971,6.91155509531961,11.1156616872628,7.87623602140309,6.2152499930234,6.6250950756709,11.1156616872628,7.72760231004479,6.76462824787265,7.03599709645884,8.6261458692755,9.35252914649443,6.72343237961887,8.27813829387133,8.35021711075225,8.57508750945603,8.91740168021511,9.06523951366907,7.9727124200535,8.61315177119814,6.72721680400481
-7.70274987882829,6.79092278720683,6.66044265323671,6.64093605974894,7.68183034117777,7.04518538190988,7.80107431879888,5.91741978233947,7.91284256645821,9.03353079398499,12.924700757078,7.67954841314335,8.34071707616786,8.09871574476572,7.98296631580201,5.76580712959719,6.53212545777534,9.07067485721919,7.66146053322303,7.57538311138788,6.24806781279974,6.91673926464006,6.95381646058278,7.79088947538471,7.60194610943254,6.0697231984722,6.04220911819368,7.79088947538471,7.78828527166621,7.05175730018714,7.81046066052814,9.04219627797347,9.57303533936678,6.06783725341607,8.54649120726775,8.42515821185045,8.14439089538696,8.84602557809649,9.29673962056931,7.57787128331941,8.76069548412016,6.15865360828717
-5.94786237666482,7.23370970681077,6.66491945304595,6.57017079326119,7.5563762018483,7.46691784684311,7.47288301977131,6.22509989724899,7.59430220540938,9.51926616729395,13.2765048531701,7.23182082462435,8.19354863881452,7.83804093420334,8.09713065166572,5.80308131597771,6.38563398083088,9.1330761630098,8.05173180549298,7.50896029721837,6.67336178271788,7.61721375424587,6.81205563213441,7.3264092028826,7.62160656705058,6.09635921576966,6.39033808572704,7.3264092028826,7.73152485305947,6.92410847605424,7.19352008367247,8.83337777790856,9.26551874611633,6.0030925746079,8.6826614872803,8.02589586613773,8.42383630218522,9.16380178292458,9.33811376493146,7.8766518393515,8.8282370496297,6.25393593262672
-6.254289378012,6.88865180770917,6.87838936486484,6.88874194610263,7.81957568051136,7.19794425634559,7.53817946299962,6.37842573383357,7.37099575641912,9.56611765524488,13.3356247908049,7.1099212593589,8.16666889826979,8.26422036798168,7.87192315141203,5.64415974277028,6.19275234018956,9.20113264000271,7.79836916622015,7.63315395104045,6.85366697812039,7.51790893565253,7.10087152051197,11.4944740114364,7.98125666848615,6.09449894599148,6.51316319907629,11.4944740114364,7.92567436160931,6.71245596884686,7.30112210540725,8.60778213393911,9.32874472110194,5.82863070796721,8.38713987452076,8.25946133239331,8.25849803808301,9.18518058172651,9.32374429122698,8.07699363885741,8.78962272607799,5.51745822909307
-7.89539495677069,7.03221941715485,7.08746325350396,6.75037731854611,7.49506264807054,7.07676003905444,8.19635539469617,5.84280642136988,7.99197721756026,9.14682679436717,13.222879264436,7.07802331981808,8.45546315302012,7.97782190090259,8.14258545436122,5.90557183952603,6.22292600239705,9.20937942795948,8.21788823760629,7.54297219725608,6.55808064844391,6.83641202088329,6.95174577549492,7.50180891298541,7.75665427583389,5.99002992810762,6.14140835432601,7.50180891298541,7.74528744222173,7.12714839600914,7.28567856155992,8.19110765018017,9.36724978844694,6.03078297335767,8.62216444745625,8.562426002095,8.28188606355269,9.06399565630451,9.00192023269738,7.99945696246253,8.84846104417567,6.20999470083933
-5.87832144341175,7.05446392119545,6.90674225988478,6.79387028932733,7.39957723085013,7.51909759133145,7.56587864426522,6.40777121355279,7.56652074698932,9.43594960813647,13.2218429965062,7.32140883802352,8.31785323930361,8.31537240859877,8.42758406537736,5.85166656837146,6.44932981495424,9.26762762399015,8.03690577566312,7.70946949453166,6.63885067952229,7.45759601990316,7.10156949083801,7.86084360681465,7.92111271054144,6.02297673541898,6.50056730576102,7.86084360681465,7.95515897709865,6.97878971484728,7.25604019040534,8.14515987679932,9.29409086298965,6.18841389101405,8.56071211020564,8.46222191037879,8.62258353905252,9.28833646857378,9.37467984668169,8.0261777914753,8.87438355127604,6.62445214330056
-6.23242994404826,7.18856021706226,6.90736032729981,6.68542205760671,7.66423792254743,6.94701212609083,7.40499467446669,5.93523502861006,7.5075539344524,9.54426685395126,13.4237336663071,7.30672683711267,8.14161087657871,7.71195397904907,8.08577619219428,5.54093004751453,6.58919189941961,9.38641572223429,7.77605184194216,6.98886917688464,6.72741869106395,7.05101289847989,7.25130636085006,11.475282581841,7.35744792944319,5.56191134287716,6.03161412984507,11.475282581841,7.47382227345113,6.81614831019057,7.62238302275743,8.70752870613384,9.32723127154049,6.20025520383984,8.50802736833273,8.54874750641135,8.49648337558618,9.22464485059358,9.28447299781678,8.08372666742784,8.75735112227368,6.25392419914735
-7.67300253543424,6.65181542767802,7.35598848711482,6.454499774777,7.22044797205411,7.79302824391287,8.72125585158968,6.02441346624059,7.98775667260439,9.19145947006172,13.0972193910039,7.10031460668275,8.41013203041038,8.43403807230348,7.60450704081675,5.63001089707944,6.06807185596406,9.31441926094509,7.99985434982568,7.5629866825905,6.66589491885402,6.55854337634814,7.25398494411995,7.9341524860149,7.71865916795511,6.02545429931042,5.99287262636103,7.9341524860149,7.53812034942104,7.01002388109884,7.52330726115531,9.19869475369454,9.43311371530107,6.07555725333745,8.44721345577433,8.50972916975683,8.21284070510621,9.27771820827931,9.17191619484486,7.8841504902191,8.78057400055546,5.43154897392021
-6.53282487738598,6.45177358652695,6.2392273685085,6.35595873518258,7.71043096159011,6.95180373913895,8.07105832437938,5.87253031754396,8.05861278442506,9.1316362281997,13.7111724775611,6.81440661400083,7.34337601805008,7.92795396620365,8.09298169330552,5.71111960611276,5.88214344174116,9.34661984207856,7.77846856564247,7.52193514393492,6.30053141900909,7.03944573866296,7.1667772441113,7.05564855118919,7.76341219227715,5.68109022887035,5.96696010524869,7.05564855118919,7.65356827806571,7.02731909398322,6.91870433881013,8.60432515578435,9.49082501982658,5.88777224359313,8.58902895195805,8.13682479939618,8.44331606191262,7.46332953302428,9.61599274489602,8.0242653486962,8.68589029133583,6.31704920932872
-7.82828076091215,6.78148863359523,6.09242941293261,6.67829622051059,7.08642316651632,7.43964870342587,8.0308895616708,6.14317290020672,7.32034385366263,9.42843039368963,13.5393903324977,7.05922950101252,8.0151155064109,7.73875365690995,7.76847376528158,5.75044858229101,5.89578843588842,9.39223776837991,7.91050198978552,6.98092589632517,7.51153296865515,7.39047344919727,7.19175488386232,8.9778221083295,7.70513924880771,5.57332928906752,6.20667931313311,8.9778221083295,7.53142035949943,6.67794224435817,7.10719115995039,8.7111169710128,9.41825599315565,5.67584599234316,8.3267603803636,8.41109031824791,8.37525183704955,8.72025779694735,9.19398561891527,7.88169091687541,8.77009958961964,6.50232582099199
-8.243318260191,6.44196603103892,6.25251544794891,6.46002257942047,7.13073848708361,7.60939418491655,7.83140016762556,5.597203787179,7.21393916314366,9.16056367870261,13.5067162115049,6.94007617520052,8.52739042837291,7.86259198597075,7.97530319746414,5.6500134859978,5.76264807058967,9.24713997175083,7.76339292177296,7.42425192920613,7.89628920418242,6.75340808362606,7.3520602499709,8.77188747427289,7.895483989142,5.35991678171045,5.81877870127459,8.77188747427289,7.90419362969198,6.55209099752064,6.82787679609106,8.65280065636185,9.7288327200172,5.7838514357109,8.31717828948085,8.10133342111462,8.30339224576791,9.16863537327216,9.16103917334608,7.71927930495865,8.55833608169113,6.27056930879255
-6.265344566521,6.6649037746385,6.1882862001113,6.71591391084971,7.96308163227555,7.19231212086857,8.15106742383207,5.89280309595443,8.285525246815,9.27545225761903,13.6051815882063,6.54062158388077,7.11879533025299,8.62846567878765,7.84349637801159,6.10456687217143,8.73870351714206,9.28086957983946,7.91712413583152,7.55430798523312,7.1009674359057,7.21008243660233,6.72045567573949,10.6028172929572,7.97541468213598,8.15587764693411,5.93700906000195,10.6028172929572,7.93036965404218,7.28773029814404,7.01956234358308,8.2125862761863,9.08307054268816,5.92381674785019,8.83277920138997,8.0079881498988,8.28548730976502,8.89754139242353,9.1102929329456,8.08899651360518,9.26868712689743,6.07654462642598
-8.58727266140836,7.23018044449796,6.70361225526647,6.73306203367398,7.87178972960714,7.92182433106649,7.89629337506408,6.24098017915293,7.71714424968996,8.92417843464544,13.5124951814047,6.97199749553889,7.92522973559229,8.26632345114508,7.28430382792976,5.27353032769581,5.7070972309628,9.3817032695309,7.97388577776551,7.72104674147447,7.26873970957568,7.26812289290037,7.07799550824264,9.40162563708604,8.16154043780659,5.99127869624513,6.30790573121127,9.40162563708604,7.97517287289188,6.92004304344903,6.79215547928672,8.14848711392178,9.35171310114385,5.9315981417283,8.7009570570307,7.9095023143782,8.36776409765762,9.11535067581657,9.04127098221469,7.9674221158841,9.04130630036533,5.56419759507316
-6.48035745749184,7.4330314028001,6.6139594659179,6.59029689254918,7.88183286423233,7.24109224092805,7.90534382767628,6.15662337225137,7.86669313002984,8.86906539413991,13.371621244496,6.79438688799274,7.94828995429892,8.16825716443784,8.0945243945614,5.47769247330919,5.82132113991574,9.125014876843,7.93564548087827,7.6385649381483,6.72026451211322,7.24773434421832,7.40737146740704,7.4853639350593,7.77898255591247,6.01561029439849,6.47126507454698,7.4853639350593,7.70122417219245,6.78090442227352,6.91803943424656,8.4829402144112,9.03214758726785,6.33637677365287,12.7083639632244,8.30053049132836,8.70417593491184,8.94216535533392,9.46673512126439,7.80955620549204,12.4695661659826,6.44205500347333
-6.93016037493137,7.44673941997055,6.64438903393823,6.61652071938487,7.66581089638326,7.60541997551142,7.93560782738983,6.28997226382105,7.82040456874405,8.94270935540621,13.2949564896154,7.03005991777776,8.05224892232202,8.45223753235686,7.91807009536007,5.74287239507708,6.01770635943516,9.33222674431438,8.08533744158723,7.45581583945437,6.90819432143216,7.16966217046747,7.22794819713334,8.52609857290383,8.18010667024574,6.17529385355049,6.53872578400302,8.52609857290383,8.05393101868093,6.80465783972399,7.13675578891773,8.44393165614142,9.2271749684548,6.34657976334904,11.7954097352853,8.57227598665816,8.51469538207268,9.00433460942881,9.19477457933039,8.20723709162987,11.9988193008471,6.50975755928007
-8.15842936260448,7.61361546846769,6.39977856719342,7.20984781211892,7.73759292918594,7.11684888851221,8.8031773556941,6.19101139901039,8.70302391278457,9.50771218237676,12.6058963597862,7.07970907364918,7.57684960047289,7.99361023287781,8.44056079080722,5.71619596067021,5.90873257573918,9.36911838358269,8.04014485307663,7.35447897818282,6.89582238492622,6.77463427041124,7.31631418402809,9.23702880208021,8.05452313416965,5.98074267084755,6.42064812375428,9.23702880208021,7.86585156344708,7.08509867503699,7.46511193451403,8.75776528315268,9.05875652877443,6.17285696851418,8.49735468307183,9.04100274799683,8.4629757250069,8.68450108498357,9.03609323440753,8.25305857753073,9.43012904882035,6.82374182519515
-9.58727266140836,7.89500126092472,6.70714189320069,6.47132236817926,7.73581205904235,7.85652940518223,8.50482133706718,6.12674540915917,9.55236943541812,8.94860502656468,13.2588154758666,5.71581183176075,7.6208756364389,7.84452706219175,7.80680359747033,5.8129549376167,5.96384489002029,9.26885850522536,7.97422365895185,7.3236432182701,6.8048342555878,6.91973869429309,7.34957847430503,9.14271666404784,7.5828610078248,5.56426401709146,6.07391681455472,9.14271666404784,7.77361971130553,6.66874780876596,6.91083825451115,8.75367367153117,8.80833977041666,5.80231575896006,8.90845105504217,7.85949417545372,9.01153558132666,8.79012260850483,9.10411514560793,7.64713931901276,9.19793682541584,6.13902394505718
-6.44222232860507,6.66353865439304,6.07381032981286,6.69450515840881,8.22456925608243,7.08318762539523,8.13953598549979,5.9422738773224,8.30235491797212,9.0004876217109,13.607334537988,7.06462807779986,7.45625916005041,8.02404196249081,7.97559057662326,5.60166347705411,5.90963273730822,9.34527349492686,7.83760755824779,7.47035940925834,6.44727409664404,7.42867196116407,7.4092343792768,9.8417199447062,8.29575292503619,5.6880223568822,6.12353121475927,9.8417199447062,7.88196821002371,7.22401835691748,6.91761010648211,8.59351901987766,9.20498861944546,5.86049536433658,8.85505076904177,8.27701538854244,8.38180221963862,9.04449899547798,9.63596570502027,7.94092732854198,8.94315249833705,6.26392251042511
-8.11778737810714,7.24121017437077,6.5729227767191,6.82746114384227,7.8003105754848,7.96095854294154,7.85685736319289,6.09180643560545,7.24663329711371,8.93330567665132,13.4938809129744,6.82271102615695,8.07039256618591,8.12760631458311,7.7570400673271,5.81202375948368,5.75269810481035,9.20971112983228,8.09227623890606,7.82558478378592,6.7150516560718,7.33470391211324,7.44282512809527,9.05536571660828,7.93577697512963,6.01175180524445,6.22495211011058,9.05536571660828,7.84054262635646,6.83157748485791,7.17320665277577,8.69613302831923,9.46224697051767,5.67189360756766,8.95759972529535,8.13517565324616,8.65168376819998,8.98457394553006,9.05837907003679,8.06126799360504,8.99142492795104,6.52256584266068
-6.91267294820252,6.57674905750141,6.45617760734144,6.91569914072922,8.07738662778201,6.88830951358796,7.91755211694874,6.1971592622994,7.88635131681951,8.98845703238572,13.007264624919,7.08550740142356,7.74069282857553,8.14227775507277,7.92297706458434,5.77587261938404,5.69388131439208,9.46003661376851,7.76981715521021,7.45373613485297,7.01418538172988,7.8039117063919,6.98175345055614,10.1444310272102,7.4294253064712,5.68300750991113,6.02722947165003,10.1444310272102,7.97935394009534,6.92002752804127,7.00391326573349,8.40760023329662,9.34273830724812,6.53834779346582,8.97105943655571,8.44725901320876,8.27194621511423,9.06976070429967,9.06392109446684,8.02705873843361,9.12423737313316,6.37949343351007
-7.265344566521,7.8110749550803,6.82898260579186,6.93495356704939,7.71860674600653,7.46381224802136,7.62920059906196,6.72529353889153,7.9770739316987,8.67486018650832,13.1445814257713,7.0122569845835,8.04190879838322,8.11886043669491,8.28276844082191,6.25874308270329,6.31918106471815,9.43999547433246,8.28451386756653,7.90709630142463,6.79787400754322,7.55858236922831,7.68252754140997,8.00327562186661,8.27823673273393,5.8837519216567,6.19809265679854,8.00327562186661,7.87228435807745,6.6719475521538,6.99548977362023,8.65039981826505,9.0587179705601,5.82145729593654,8.72860816142926,8.33192227576004,8.52081395921143,9.03561580708807,8.9656533025258,7.85867599587341,9.02068698259775,6.40721126598725
-7.11778737810714,6.37843837106198,6.48868323935933,7.34038820266063,8.29535976264201,6.79124904046708,8.14574674877387,6.38393683593424,7.95370079090919,9.15645394294624,12.8508992204654,7.30824618029812,7.88785888309798,8.00655439896035,7.81643744394476,5.85142953398681,5.32977108519816,9.28487392186452,7.83960567259826,7.8131322934824,7.07583730507177,7.52014623088038,6.837336692364,8.42645315797892,7.14780435713945,5.82148635234579,5.94072912551715,8.42645315797892,8.00539968044951,6.93241630020333,7.0944961214762,8.43658547476923,9.63417312670974,6.4176103870095,9.37748484440357,8.59909660925692,8.53061065252623,9.06121860065043,9.11548020373541,8.24782208900755,9.65276526832638,6.14108240182224
-7.50635266602479,7.61565988260042,6.56270491667992,7.013076706511,7.83175226900839,7.24987199930438,7.39727670041514,6.26392278405767,7.65811362365282,8.69497075437687,12.5186722302497,7.43880061565051,7.81554704283904,8.25766744461303,7.99622142781023,5.87634220574199,6.52985694375059,8.99346951691391,8.1249163159011,7.1990772797074,6.98186874246436,7.13255350154752,7.55662843362157,7.7146501308518,8.13271634761651,6.38542217515125,6.34350552583403,7.7146501308518,7.92199686625396,6.58935133142051,7.20835810665192,8.56726227819288,8.56536565329696,5.8416637140797,8.68807948196898,8.18934334748398,8.77430628727103,8.77261296824943,9.27429529581149,8.22991582987882,9.03773684178353,6.85037919512942
-7.03978486610586,6.29424446550839,6.21042821025435,6.75851974713273,8.05264660282406,6.58882383239662,8.15457819831451,6.20770353237133,7.92133753160515,9.46328883791889,12.7973981091091,7.17222647882955,7.49364985855232,8.21126431042982,8.08277618523156,5.9258786261755,5.80962297958824,9.26849085380892,8.06432086544468,7.93707732030393,6.65655648819292,7.15381153413177,6.9473163154276,7.70809223989355,7.75474267100954,5.81955982007166,6.00954619411838,7.70809223989355,8.20367404480304,7.15179619724647,7.1036123042854,8.67472471604611,9.78647244639823,6.41220925429636,9.69567726288666,8.30807715579749,8.19027078824993,8.91773329327424,8.96034090108667,7.97497976560496,9.7771473038898,6.06936951966104
-8.0782590139205,6.83307163520624,6.33610332143125,6.70021420788451,8.20536449966599,6.90469482353577,7.77627981650033,6.33214804422456,7.30928459171581,9.27002200671046,12.9502671455094,7.48277708525736,8.79752134393106,8.397843482537,7.90241234228253,5.7673823246978,5.89683920649229,9.32062188701697,8.03117365992759,7.61806546878235,8.01293428816019,7.34548359049026,6.94129072634237,8.42351610715153,8.08793356160793,5.88323780188447,6.24794266451211,8.42351610715153,7.99248910340338,7.14416560290774,7.02634883827254,8.4207887018909,9.81116337428476,6.3426681217654,9.24553370711986,8.27242968248089,8.11768471928554,8.86302220724173,8.98140981766475,7.99415235644327,9.29183745591895,6.4158044642815
-6.68779953736232,6.18594832909232,6.47615695218351,6.89756653575427,8.2563859720979,6.77883908541063,7.97078379699991,6.06598585224284,8.41896092819102,9.05924370692133,13.0935085050803,7.06375167088672,8.22830722656297,8.01533569091058,7.79418854014735,5.55044898248123,5.95440306140322,9.44679169975464,7.7613588144702,7.52583000160082,7.38046760365535,7.67811283580416,6.95345488666676,9.36943142813293,7.26528073362612,5.80850302861355,6.0136031501504,9.36943142813293,7.97880592961436,7.20160649478038,7.03725355163668,8.38403545417808,9.64632247045521,6.4578999865752,9.17871917637448,8.31195163819766,8.28057001552322,9.22591405853594,9.23151860477745,8.05805930545697,9.25731102933368,6.00255301831513
-7.55979192498625,6.22413527897862,5.90043924019164,6.25075127346991,7.68015663932069,6.75208765891668,7.57273578881322,6.23390716521824,8.07902856328136,10.7329381020731,12.6172282027395,7.37429021021798,8.42032196835988,7.91917000887525,7.75028719043934,5.76780543677225,5.59970315170054,8.84820329761339,8.00809707166098,8.53848306967935,7.07822973720784,7.48416978519203,6.89672323938053,10.2691949390209,7.75581768899527,5.88374210504788,6.21794334261961,10.2691949390209,7.59871765089065,7.05838402080421,6.92021022151827,8.7802673521111,9.93214711463322,5.58244213524091,8.13157565619955,8.18102161186459,8.23642903700321,8.65618137409237,9.01818054553184,7.62721501712143,8.49408434711012,6.34422137832072
-6.87832144341175,6.60943707582397,6.28174219682991,6.77065361821179,8.00892049046402,7.03331128307812,8.07266487323723,6.02667074348409,7.70747670765616,9.08038455595165,13.5565381081751,7.01621497269736,8.09751685333461,7.60409711561367,7.72067005805101,6.55108133592065,5.50121712190512,9.47650161896892,7.63850668636784,7.13679059746631,7.17067758040669,7.75719981726128,7.05544765958531,6.8648331237506,7.40601860441806,5.66709361455189,5.93937842994796,6.8648331237506,8.03559222677656,7.30546398503096,6.78322418590805,8.53669103133362,9.25603895777401,5.70064517753269,8.66135339879093,8.28693152697064,8.60018661282137,9.13938856332243,9.78944546390372,8.07784911461432,8.74410480136295,5.90837537611231
-7.64385618977472,7.27425115672371,6.20821283350131,6.76068283616173,7.22588812964799,7.24064660679759,7.99832582525657,5.89501463852993,7.14157888496855,8.67520174185425,13.1379601949922,7.07124194731673,8.06018243872042,7.86850242698083,8.01624567876166,5.9764422850209,6.11592361584886,9.28079144122781,8.08728637784634,7.17451868398869,7.44458392150631,7.07664749766995,6.83954576388022,7.9030193261376,7.86186857422949,5.84453195715717,6.18233586561232,7.9030193261376,8.66647551283715,6.90872262170297,7.09717893335499,8.49683389762885,8.86304201663514,6.20694682673252,8.28027892021856,8.47407752309539,8.43728854043873,8.77925829835621,8.86589154964018,8.19010506435301,8.76335242400119,6.33885518302555
-6.87832144341175,7.87551946447064,6.84255376281267,6.81432653429885,7.71159157439831,7.34413890859742,7.69864617081707,6.17593858688549,7.95201325248673,8.74007102092325,13.1037594148375,7.25566348495565,8.58204363659005,8.07551428667617,7.88467236982742,6.20744846267358,6.33662179889151,9.43346592162216,8.1350634330799,7.55746745750873,7.10374960281213,7.66182278664652,7.76825495574839,7.7803041775417,7.85661029385042,6.22746702063546,6.30810375294907,7.7803041775417,7.52896495687267,7.42224274495844,7.39560280977043,8.7161891096037,9.03888865550542,5.80533775090791,8.90277528584622,8.34652286481778,7.15566267763628,8.91411742074997,9.05525690123898,6.30063098674228,9.14357141729914,6.49465888926074
-7.67300253543424,7.48479271621128,6.43331766109051,7.01864613752547,7.48906447604305,7.36905333330756,7.81643479485592,6.11995977440709,7.28513979378628,8.57666391679686,12.8440543090671,7.47124835792664,8.15566194297997,7.67775634776188,7.49565361753812,5.2903550549419,5.83610974124788,9.53469184947078,7.91345601951969,7.25111069735183,7.15046356314972,6.94792410140256,7.22577168989705,8.18671911330467,7.82858347250156,6.11611601242442,6.35733180172886,8.18671911330467,7.6776156048511,7.3158789330856,6.58059266180506,8.67832017669204,8.95223087087498,6.06883689262399,8.59237765533204,7.80613054201876,8.70751128001258,9.1037142871172,8.77313786176325,8.3220958024151,9.18779051648195,7.09287876152584
-7.28771237954945,7.6233284661669,6.69563247443907,6.64774167434238,7.72165798799287,6.97298111185994,7.75581729708789,6.1400941484357,7.69364071255798,8.78798347454172,13.4773468697986,7.35571556304671,8.13133819644329,8.10910374135914,8.02062399221508,6.08242624119883,6.37817866452374,9.3916356898031,8.17732142447569,7.40006527329126,6.78534567382506,7.15111786089996,7.72249635169911,10.6510015098489,7.77915243294327,5.91751198021232,6.2383238660203,10.6510015098489,7.74274649524542,7.24380832006545,7.05335456716302,8.56675011362526,9.03600061605002,5.92219186988103,8.73472454088174,8.4117440474431,8.61815958123892,8.95822441453678,9.06876553386622,8.04266053050437,8.88439299402763,6.37709455922946
-8.33351606916257,7.51354922206838,6.50399703613577,6.81974652081076,7.67903985559933,7.42138548614751,7.68528181757173,6.2878811220326,7.3894176670975,8.60704211887438,13.1126151447496,7.08497106249853,8.08117782547843,7.72808886089481,8.17807749423658,6.28385287513017,5.87686342958633,9.46535486682718,8.12015239593173,7.26332085153368,7.07337613541087,7.17333899172213,7.20182290548024,7.81773356744578,7.83287478896666,5.86622472030004,6.40468238951103,7.81773356744578,7.4124790287893,6.96138696983031,7.35665789498993,8.48628702991255,9.31892120417012,5.76111330819708,8.55900791491742,8.51043687657017,8.5177090224567,9.13786356454579,8.86437074795459,8.19099343563962,9.13212105829471,6.54556130872474
-6.94786237666482,6.28980985828591,6.47199090299134,6.77068482884849,8.00922728163039,6.77607639511246,8.7987807648003,6.22773059048757,6.80326991262336,8.95910958363192,13.3033444746033,7.824055728868,7.99638194606546,8.44298740486927,7.78002360874457,5.83520370955658,5.60828483211776,9.15853688380914,7.55403934966453,7.62570792530269,6.25936030621099,7.3503035452589,7.08465288578958,7.42072895749073,7.55898673317784,5.63045049766866,5.95386923529798,7.42072895749073,9.39223749999294,7.38555819278594,7.28288109140164,8.7276090731484,9.81765919144482,6.0576057151571,8.94269182626958,8.09143979528775,8.5987520753177,9.27997032839243,8.43174108340852,7.71500005128112,9.04343789712258,6.10501037204885
-8.03978486610586,7.61660784487053,6.26488041015472,7.27611828667603,7.79130807145917,7.27871646019977,7.97155826963775,6.22331767549086,7.48987879263511,8.64520592334831,12.8281646648028,6.95930073903391,8.1432804503114,8.05012768416251,8.04485305461721,6.07360809974948,5.76271509217036,9.34217086121627,7.99984206137289,7.46026117795997,7.15451404508308,7.09876432624067,7.12414076690141,7.97996828733149,8.10396135148348,6.16378284573461,6.37391713940539,7.97996828733149,7.82997693038447,7.23421320409606,7.50696847990711,8.55770632684599,8.50215233657976,6.28975105583589,8.6437187750709,8.74476996435249,8.82257710510186,8.91109289760764,8.85577676720055,8.40481585940804,9.16981530380197,6.50397268062035
-6.76415042349244,6.39508690681788,6.36253904809113,6.69488190342906,8.11222193412638,6.36663643479481,10.260597900197,5.76964711078537,7.26863059820267,8.88732324393107,13.5392722625356,7.67642774085327,7.78071810615421,8.63757372245056,8.33595702684811,5.36119170799431,5.37368453860971,9.28275232020155,7.50053241800174,8.01556008062994,6.87145180429471,7.08508934585006,6.67929323532312,7.10653614926598,8.22633903599112,5.86225779734153,5.58940467769603,7.10653614926598,8.99954188623453,7.15903185455447,6.67053328376993,8.66023511027879,9.23733977760246,6.9119706771729,8.86755411731138,8.01008442116352,8.30182366493278,9.29383327825109,8.92831313763931,7.9337305288249,8.83937994104707,5.65876714816349
-7.58727266140836,7.46197805652836,6.27339917924783,6.18540471708387,7.56475990939434,6.90688398612931,7.93147254764825,6.01278268654996,7.3517917352447,8.79813445162288,12.8976928978578,7.49065638228201,8.03843234108317,8.09977684264249,8.09886466243592,5.73678824713967,6.42474844319995,9.38421920383922,8.08399917278083,7.23368130292708,7.24742660567962,7.01184112699969,7.30983047004645,8.68701898115174,8.3049625427592,5.93603663880713,6.21470375673508,8.68701898115174,7.36821639587182,7.28041505240114,7.4538024865614,8.58852440816127,9.50802118459036,5.91272549013791,8.46338004375919,8.74765742956688,8.52351788661102,8.82761783654029,9.01438155153677,8.33825334743071,9.06721562131978,6.71032396426288
